raw_word,is_promoted,type_unsmile
개놈,False,A
개년,False,A
개등신,False,A
개병신,False,A
개보쥐,False,A
개보지,False,A
개부랄,False,A
개시키,False,A
개새끼,False,A
개십,False,A
개십새,False,A
개십세,False,A
개쓰레기,False,A
개씨발,False,A
개씨펄,False,A
개자식,False,A
개자지,False,A
개잡년,False,A
개잡지랄,False,A
개젓가튼넘,False,A
개좃,False,A
개좆,False,A
개죷,False,A
개지랄,False,A
걔잡년,False,A
걔잡지랄,False,A
깔다구,False,A
깔따구,False,A
깝친다,False,A
꼴리다,False,A
내자지,False,A
내잠지,False,A
내조지,False,A
너거애비,False,A
너거어마이,False,A
너그어미,False,A
뇬,False,A
뉘기뮈,False,A
뉘기미,False,A
뉘뮈,False,A
뉘미랄,False,A
뉘미럴,False,A
뉘미룰,False,A
뉘이미,False,A
뉭기리,False,A
뉭기미,False,A
느그애미,False,A
느그애비,False,A
느그엄마,False,A
느그에미,False,A
느그에비,False,A
늬긔믜,False,A
늬긔미,False,A
늬기뮈,False,A
늬기미,False,A
늬믜,False,A
늬미,False,A
닁기미,False,A
닁김,False,A
니귀뮈,False,A
니그으미,False,A
니긔미,False,A
니기뮈,False,A
니기믜,False,A
니기미,False,A
니매랄,False,A
니매럴,False,A
니머럴,False,A
니뭬랄,False,A
니뭬럴,False,A
니뮈,False,A
니밀할,False,A
니아범,False,A
니애미,False,A
니애비,False,A
니어미,False,A
니엄마,False,A
니에미,False,A
니에비,False,A
니이미,False,A
니좃,False,A
닥처,False,A
닥쳐,False,A
닥춰,False,A
닥치,False,A
닦처,False,A
닦쳐,False,A
닦초,False,A
닦쵸,False,A
닦춰,False,A
닦치,False,A
닭대갈,False,A
닭뒈가리,False,A
닭쳐,False,A
대가뤼,False,A
대가리,False,A
대갈,False,A
대져,False,A
대질래,False,A
대질레,False,A
덩쉰,False,A
덩신,False,A
데가뤼,False,A
데가리,False,A
데갈텅,False,A
데갈통,False,A
데저라,False,A
데져,False,A
데져라,False,A
데질레,False,A
도라이,False,A
돈년,False,A
돈새끼,False,A
돌대가리,False,A
돌머리,False,A
돌아이,False,A
돼가리,False,A
되질래,False,A
둇같은,False,A
뒈가리,False,A
뒈져,False,A
뒈져라,False,A
뒈진다,False,A
뒈질,False,A
뒈질래,False,A
뒈질레,False,A
뒤싸질놈,False,A
뒤여질놈,False,A
뒤저라,False,A
뒤져,False,A
뒤진,False,A
뒤질,False,A
뒤짐,False,A
등쉰,False,A
등시,False,A
등신,False,A
등신새끼,False,A
등신세끼,False,A
듸랄,False,A
듸져,False,A
디랄,False,A
디럴,False,A
디저라,False,A
디져,False,A
디져라,False,A
디진다,False,A
디질껴,False,A
디질래,False,A
디질레,False,A
또라이,False,A
똘아이,False,A
띠부랄,False,A
띠불,False,A
매친뇬,False,A
머저리,False,A
멍청한년,False,A
메친,False,A
메틴넘,False,A
미이친뇬,False,A
미친놈,False,A
미친년,False,A
미친뇬,False,A
밥튕,False,A
밥팅,False,A
뱅신,False,A
버러지,False,A
벵신,False,A
벼엉신,False,A
병닥,False,A
병딱,False,A
병쉰,False,A
병싀,False,A
병싄아,False,A
병시,False,A
병신,False,A
ㅂ신,False,A
보뒤,False,A
보오지,False,A
보쥐,False,A
보쥐털,False,A
봉알,False,A
뵹신,False,A
부랄,False,A
부럴,False,A
부롤,False,A
불알,False,A
붕신,False,A
붕알,False,A
뷔웅신,False,A
뷩세,False,A
뷩쉰,False,A
뷩시,False,A
뷩신,False,A
븅,False,A
븅따,False,A
븅딱,False,A
븅새끼,False,A
븅쉰,False,A
븅시나,False,A
븅신,False,A
브랄,False,A
브럴,False,A
븡딱,False,A
븡신,False,A
븡알,False,A
븨융신,False,A
빙쉰,False,A
빙신,False,A
빙신아,False,A
빙아,False,A
빠구뤼,False,A
빠구리,False,A
빠꾸뤼,False,A
빠꾸리,False,A
빠돌이,False,A
빠순이,False,A
빡순이,False,A
빡촌,False,A
빡큐,False,A
빡통,False,A
뻑유,False,A
뽕알,False,A
뿡알,False,A
쁑신,False,A
삥신,False,A
상년,False,A
상놈,False,A
상늠,False,A
새꺄,False,A
새끼,False,A
새대가리,False,A
새대갈,False,A
새대구빡,False,A
새데가리,False,A
새데갈,False,A
새데구빡,False,A
새킈,False,A
새키,False,A
색걸,False,A
색골,False,A
색귀,False,A
색긔,False,A
색기,False,A
색뀌,False,A
색끼,False,A
색녀,False,A
색마,False,A
색스,False,A
색쑤,False,A
색쓰,False,A
샹년,False,A
샹노마,False,A
샹놈의새리,False,A
샹놈의쌔리,False,A
샹뇬,False,A
샹늠의새리,False,A
샹늠의쌔리,False,A
샹팔개년,False,A
성섹스,False,A
성욕구,False,A
성폭력,False,A
성폭행,False,A
세끼,False,A
섹걸,False,A
섹골,False,A
섹귀,False,A
섹기,False,A
섹끼,False,A
섹남,False,A
섹녀,False,A
섹마,False,A
섹보지,False,A
섹소리,False,A
섹스,False,A
섹쑤,False,A
섹쓰,False,A
섹하자,False,A
섹하장,False,A
쇄대가리,False,A
쇠대가리,False,A
쇠대갈,False,A
쇠대구빡,False,A
쇠데가리,False,A
쇠데갈,False,A
쇠데구빡,False,A
쉐꺄,False,A
쉐끼,False,A
쉐팔,False,A
쉑,False,A
쉑끼,False,A
쉑스,False,A
쉬댕,False,A
쉬뎅,False,A
쉬바,False,A
쉬박,False,A
쉬발,False,A
쉬방,False,A
쉬배,False,A
쉬밸,False,A
쉬벅,False,A
쉬벌,False,A
쉬벙,False,A
쉬벨,False,A
쉬봉,False,A
쉬불,False,A
쉬붕,False,A
쉬브랄,False,A
쉬브럴,False,A
쉬블,False,A
쉬빨,False,A
쉬뻘,False,A
쉬뿔,False,A
쉬이발,False,A
쉬이방,False,A
쉬이벌,False,A
쉬이불,False,A
쉬이붕,False,A
쉬이빨,False,A
쉬이팔,False,A
쉬이펄,False,A
쉬이풀,False,A
쉬파,False,A
쉬팍,False,A
쉬팍아,False,A
쉬팔,False,A
쉬팡,False,A
쉬퍼얼,False,A
쉬펄,False,A
쉽새,False,A
쉽색,False,A
쉽세,False,A
쉽섹,False,A
쉽쉐,False,A
쉽쌕,False,A
쉽쎄,False,A
쉽쎅,False,A
쉽알,False,A
쉽쟁이,False,A
쉽질,False,A
쉽창,False,A
쉽탱구리,False,A
쉽파,False,A
쉽팍,False,A
쉽팔,False,A
쉽펄,False,A
쉽할,False,A
쉽헐,False,A
쉿발,False,A
쉿벌,False,A
쉿빨,False,A
쉿뻘,False,A
쉿팍,False,A
쉿팔,False,A
쉿펄,False,A
스발,False,A
스벌,False,A
스팔,False,A
스펄,False,A
싀댈,False,A
싀델,False,A
싀뎅,False,A
싀바라,False,A
싀발,False,A
싀밸,False,A
싀벌,False,A
싀벨,False,A
싀봉,False,A
싀봘,False,A
싀팍,False,A
싀팔,False,A
싀팤,False,A
싀펄,False,A
싀퐐,False,A
싑새,False,A
시댕,False,A
시뎅,False,A
시바,False,A
시발,False,A
시밸,False,A
시뱅,False,A
시뱅년,False,A
시뱔,False,A
시버럴,False,A
시벌,False,A
시벨,False,A
시벵,False,A
시볼,False,A
시봉,False,A
시부랄,False,A
시부럴,False,A
시불,False,A
시붕,False,A
시브랄,False,A
시블,False,A
시빨,False,A
시뺠,False,A
시뿔,False,A
시이발,False,A
시이벌,False,A
시이불,False,A
시이붕,False,A
시이팔,False,A
시이펄,False,A
시이풀,False,A
시입팔,False,A
시탈놈,False,A
시파,False,A
시팍,False,A
시팔,False,A
시팡,False,A
시팰,False,A
시펄,False,A
시풀,False,A
식펄년이,False,A
심년아,False,A
십녀,False,A
십때끼,False,A
십땡구리,False,A
십땡그리,False,A
십땡글이,False,A
십떼끼,False,A
십물,False,A
십발,False,A
십버지,False,A
십벌,False,A
십볼,False,A
십부랄,False,A
십부럴,False,A
십불,False,A
십블,False,A
십빡,False,A
십빨,False,A
십뻘,False,A
십뽈,False,A
십뿔,False,A
십쁠,False,A
십새,False,A
십새리,False,A
십색,False,A
십세,False,A
십셰리,False,A
십쉐,False,A
십쌔,False,A
십쌔끼,False,A
십쌕,False,A
십쎄,False,A
십쎅,False,A
십알,False,A
십을년,False,A
십자슥,False,A
십지랄,False,A
십질,False,A
십창,False,A
십탱,False,A
십텡,False,A
십파,False,A
십팍,False,A
십팔,False,A
십팡넘아,False,A
십펄,False,A
십할,False,A
십헐,False,A
싯발,False,A
싯벌,False,A
싯볼,False,A
싯빨,False,A
싯뻘,False,A
싯팔,False,A
싶새,False,A
싶세,False,A
싶쉐,False,A
싶쌔,False,A
싶쎄,False,A
싶알,False,A
싶질,False,A
싶창,False,A
싶팍,False,A
싶팔,False,A
싶펄,False,A
싶할,False,A
싶헐,False,A
싸까쉬,False,A
싸까시,False,A
싸까씨,False,A
싸까지,False,A
싸까찌,False,A
싸넘,False,A
싸년,False,A
싸놈,False,A
싸뇬,False,A
싸늠,False,A
싸발,False,A
싸벌,False,A
싸이코,False,A
싹바가지,False,A
싹박아지,False,A
쌉쌕뀌,False,A
쌍넌,False,A
쌍넘,False,A
쌍년,False,A
쌍놈,False,A
쌍뇬,False,A
쌍늠,False,A
쌍보지,False,A
쌍통,False,A
쌔기,False,A
쌔꺄,False,A
쌔끼,False,A
쌔키,False,A
쌕,False,A
쌕걸,False,A
쌕기,False,A
쌕년,False,A
쌕쉬,False,A
쌕스,False,A
쌕쑤,False,A
쌕쓰,False,A
쌩쇼,False,A
쌩쑈,False,A
쌩아,False,A
쌰다마우쓰,False,A
쌰럽,False,A
쌰앙,False,A
썅,False,A
써글,False,A
써발넘,False,A
썩을,False,A
쎄꺄,False,A
쎄끼,False,A
쎄엑,False,A
쎅,False,A
쎅기,False,A
쎅수,False,A
쎅스,False,A
쎅이,False,A
쎅히,False,A
쐉년,False,A
쐉뇬,False,A
쐐끼,False,A
쐐대가리,False,A
쐐대갈,False,A
쐐대구빡,False,A
쐐데가리,False,A
쐐데갈,False,A
쑈우망가,False,A
쑤댕,False,A
쑤발,False,A
쑤벌,False,A
쑤셔,False,A
쑤팔,False,A
쑤팡,False,A
쑤펄,False,A
쒜,False,A
쒜끼,False,A
쒜뒈가리,False,A
쒝,False,A
쒝스,False,A
쒭,False,A
쒯,False,A
쒲,False,A
쒸,False,A
쒸댕,False,A
쒸바,False,A
쒸박,False,A
쒸발,False,A
쒸방,False,A
쒸배,False,A
쒸밸넘아,False,A
쒸버,False,A
쒸벌,False,A
쒸벨,False,A
쒸봘,False,A
쒸부랄,False,A
쒸부럴,False,A
쒸불,False,A
쒸붕,False,A
쒸뷰랄,False,A
쒸뷰럴,False,A
쒸블,False,A
쒸빨,False,A
쒸알,False,A
쒸앙,False,A
쒸양,False,A
쒸이발,False,A
쒸이방,False,A
쒸이벌,False,A
쒸이불,False,A
쒸이붕,False,A
쒸이빨,False,A
쒸이팔,False,A
쒸이펄,False,A
쒸이풀,False,A
쒸팍,False,A
쒸팔,False,A
쒸팡색기,False,A
쒸팡색끼,False,A
쒸펄,False,A
쒸퐉,False,A
쒸퐐넘,False,A
쒸퐐놈,False,A
쒸풀,False,A
쓉,False,A
쓋,False,A
쓰글,False,A
쓰댕,False,A
쓰뎅,False,A
쓰렉,False,A
쓰바,False,A
쓰바새끼,False,A
쓰바할,False,A
쓰발,False,A
쓰방쉐,False,A
쓰밸,False,A
쓰버럴,False,A
쓰벌,False,A
쓰벨,False,A
쓰벵,False,A
쓰봉,False,A
쓰봉쉐,False,A
쓰불,False,A
쓰붕,False,A
쓰붕쉐,False,A
쓰뷀,False,A
쓰브랄,False,A
쓰브랄쉽세,False,A
쓰블,False,A
쓰븡,False,A
쓰빌,False,A
쓰빨,False,A
쓰뻘,False,A
쓰알,False,A
쓰으발,False,A
쓰으벌,False,A
쓰으블,False,A
쓰으팔,False,A
쓰으펄,False,A
쓰파,False,A
쓰팔,False,A
쓰팡,False,A
쓰펄,False,A
쓰퐈,False,A
씁벌,False,A
씁새,False,A
씁색,False,A
씁세,False,A
씁쉐,False,A
씁쌕,False,A
씁쎅,False,A
씁쒜,False,A
씁아,False,A
씁얼,False,A
씁탱,False,A
씁헐,False,A
씌댕,False,A
씌바,False,A
씌박,False,A
씌발,False,A
씌방,False,A
씌배,False,A
씌밸,False,A
씌벌,False,A
씌벙,False,A
씌벨,False,A
씌불,False,A
씌블,False,A
씌빌,False,A
씌빨,False,A
씌뻘,False,A
씌앙,False,A
씌양,False,A
씌파,False,A
씌팍,False,A
씌팔,False,A
씌팡,False,A
씌펄,False,A
씌퐈,False,A
씌퐐,False,A
씌퐝,False,A
씝,False,A
씨가랭넘,False,A
씨가랭년,False,A
씨가랭놈,False,A
씨끼,False,A
씨다바리,False,A
씨달,False,A
씨댕,False,A
씨댕년,False,A
씨댕이,False,A
씨뎅,False,A
씨바,False,A
씨바랄,False,A
씨바새끼,False,A
씨바알,False,A
씨박,False,A
씨발,False,A
씨밟,False,A
씨방새,False,A
씨방세,False,A
씨방쉐,False,A
씨배,False,A
씨밸,False,A
씨뱅,False,A
씨뱅가리,False,A
씨뱅이,False,A
씨뱔,False,A
씨버럴,False,A
씨벌,False,A
씨벨,False,A
씨벨세끼,False,A
씨벵,False,A
씨벵이,False,A
씨보지,False,A
씨볼,False,A
씨봉,False,A
씨봘,False,A
씨부댕,False,A
씨부랄,False,A
씨부럴,False,A
씨부렁,False,A
씨부롤,False,A
씨부리,False,A
씨불,False,A
씨붕,False,A
씨브랄,False,A
씨브럴,False,A
씨브룰,False,A
씨블,False,A
씨븡새끼,False,A
씨비랄,False,A
씨빠,False,A
씨빡,False,A
씨빨,False,A
씨뺄뇬아,False,A
씨뺠,False,A
씨뽀랄,False,A
씨뽈,False,A
씨뿔,False,A
씨쁠,False,A
씨섹끼,False,A
씨앙,False,A
씨이발,False,A
씨이방,False,A
씨이뱅,False,A
씨이벌,False,A
씨이불,False,A
씨이붕,False,A
씨이블,False,A
씨이빨,False,A
씨이팔,False,A
씨이펄,False,A
씨이풀,False,A
씨입쉐,False,A
씨입팔,False,A
씨입할,False,A
씨탱,False,A
씨텡,False,A
씨파,False,A
씨팍,False,A
씨팔,False,A
씨팝,False,A
씨팡,False,A
씨펄,False,A
씨폴,False,A
씨퐁,False,A
씨퐈,False,A
씨퐝,False,A
씨풀,False,A
씨플,False,A
씨할,False,A
씨활,False,A
씹,False,A
씹년,False,A
씹념이,False,A
씹닥,False,A
씹딱,False,A
씹땡구리,False,A
씹땡그리,False,A
씹만한,False,A
씹물,False,A
씹미랄,False,A
씹발,False,A
씹버지,False,A
씹벌,False,A
씹보지,False,A
씹볼뇬,False,A
씹부랄,False,A
씹브랄,False,A
씹빨,False,A
씹빵구,False,A
씹뻘,False,A
씹뽀지,False,A
씹뿔,False,A
씹쁠,False,A
씹새,False,A
씹색,False,A
씹세,False,A
씹세리,False,A
씹섹,False,A
씹숑,False,A
씹쉐,False,A
씹쌔,False,A
씹쌕,False,A
씹아,False,A
씹알,False,A
씹어,False,A
씹얼,False,A
씹울알,False,A
씹을년,False,A
씹자석,False,A
씹자슥,False,A
씹자식,False,A
씹자지,False,A
씹장이,False,A
씹쟁이,False,A
씹쥘,False,A
씹지랄,False,A
씹질,False,A
씹창,False,A
씹탱,False,A
씹텡,False,A
씹팔,False,A
씹퍼년,False,A
씹펄년아,False,A
씹할,False,A
씹헐,False,A
씹활,False,A
씻발,False,A
씻밸,False,A
씻벨,False,A
씻볼,False,A
씻불,False,A
씻빨,False,A
씻뻘,False,A
씻뽈,False,A
씻뿔,False,A
씻탱구리,False,A
씻팔,False,A
씻팡,False,A
씻펄,False,A
씻펑,False,A
앂,False,A
앂빨,False,A
앂팔,False,A
아가리,False,A
아갈,False,A
아괄,False,A
아씨발,False,A
애미,False,A
애뮈,False,A
애믜,False,A
애액,False,A
앰병,False,A
앰빙,False,A
앰창,False,A
양년,False,A
양아취,False,A
양아치,False,A
얨병,False,A
얼간이,False,A
엠병,False,A
엠창,False,A
여엄병,False,A
연놈,False,A
연병,False,A
엳빠,False,A
염뱅할,False,A
염병,False,A
염뵹,False,A
엿,False,A
엿가튼,False,A
엿같은,False,A
엿같이,False,A
엿놈,False,A
엿머거,False,A
엿먹어,False,A
엿먹으셈,False,A
엿이다,False,A
엿쳐무라,False,A
옂빠,False,A
옘병,False,A
옘빙,False,A
오나니,False,A
오랄,False,A
옴창,False,A
왕털버지,False,A
왕털보지,False,A
왕털자지,False,A
왕털잠지,False,A
요년,False,A
우라질,False,A
유깝,False,A
유깦,False,A
육갑,False,A
육갚,False,A
육깝,False,A
육깦,False,A
육봉,False,A
육시럴,False,A
육실할,False,A
육실헐,False,A
육씨랄년,False,A
육씨랄놈,False,A
이년,False,A
이새꺄,False,A
이세꺄,False,A
이쇅,False,A
이쉐꺄,False,A
이쉑,False,A
이쉑꺄,False,A
이시끼,False,A
자쉭,False,A
자쥐,False,A
자쥐털,False,A
자즤,False,A
잠지,False,A
잡것,False,A
잡껏,False,A
잡넘,False,A
잡년,False,A
잡노무,False,A
잡놈,False,A
잡뇬,False,A
잡종,False,A
잡탱아,False,A
재섭써,False,A
재섭어,False,A
재셥네,False,A
저까,False,A
저깐,False,A
저년,False,A
저떠,False,A
저떠씨벵,False,A
저빱,False,A
저세끼,False,A
저썌끼,False,A
적까,False,A
전까,False,A
젓가,False,A
젓같,False,A
젓까,False,A
젓꺽쥐,False,A
젓꺽지,False,A
젓꼭쥐,False,A
젓꼭지,False,A
젓나,False,A
젓냄새,False,A
젓대가리,False,A
젓떠,False,A
젓또,False,A
젓랄,False,A
젓마나,False,A
젓마니,False,A
젓마무리,False,A
젓만아,False,A
젓만이,False,A
젓만한게,False,A
젓물,False,A
젓밥,False,A
젓빱,False,A
젓빺,False,A
젓어었더,False,A
젓잡고,False,A
젓카,False,A
정신병자,False,A
젖,False,A
젖가,False,A
젖같,False,A
젖까,False,A
젖꺽쥐,False,A
젖꺽지,False,A
젖꼭쥐,False,A
젖꼭지,False,A
젖대가리,False,A
젖더,False,A
젖도,False,A
젖떠,False,A
젖또,False,A
젖마나,False,A
젖만한,False,A
젖밥,False,A
젖빱,False,A
젖빺,False,A
젖잡고,False,A
젖탱이,False,A
젗,False,A
젗잡고,False,A
제수없다,False,A
져까,False,A
져더,False,A
져떠,False,A
져빱,False,A
졎,False,A
졏,False,A
조가튼,False,A
조건만남,False,A
조까,False,A
조깐냐,False,A
조깨,False,A
조께,False,A
조빱,False,A
조빺,False,A
조쌔리뿔라,False,A
조온나,False,A
조옷,False,A
조옺,False,A
조쟁이,False,A
조져버린다,False,A
조진다,False,A
조질래,False,A
조팝,False,A
족가튼넘,False,A
족가튼년,False,A
족갗,False,A
족같내,False,A
족같네,False,A
족까,False,A
존나,False,A
존니,False,A
존라,False,A
존마,False,A
존마난,False,A
존마니,False,A
존만새끼,False,A
존만아,False,A
존만한,False,A
존만히,False,A
존먹어,False,A
졸같은넘,False,A
졸까라,False,A
좀마니,False,A
좀물,False,A
좀쓰레기,False,A
좁년,False,A
좁물,False,A
좁밥,False,A
좁빠라라,False,A
좃가튼,False,A
좃간년,False,A
좃같네,False,A
좃같은,False,A
좃까,False,A
좃깟네,False,A
좃깨,False,A
좃께,False,A
좃나,False,A
좃냄새,False,A
좃넘,False,A
좃니재수야,False,A
좃대가리,False,A
좃대로,False,A
좃도,False,A
좃떠,False,A
좃또,False,A
좃마무리,False,A
좃만아,False,A
좃만이,False,A
좃만한,False,A
좃먹어,False,A
좃물,False,A
좃밥,False,A
좃보지,False,A
좃부랄,False,A
좃빠구리,False,A
좃빠네,False,A
좃빠라,False,A
좃빱,False,A
좃빺,False,A
좃잡고,False,A
좃털,False,A
종간나,False,A
좆,False,A
좇,False,A
좈,False,A
좉,False,A
좊,False,A
좌쉭,False,A
좌슥,False,A
좝것,False,A
좨랄,False,A
좨수없다,False,A
죄수없다,False,A
죠또,False,A
죠랄하네,False,A
죡,False,A
죤나,False,A
죳까,False,A
죴,False,A
죵나,False,A
죷,False,A
주글년,False,A
주글래,False,A
주길년,False,A
주둥아리,False,A
죽고싶냐,False,A
죽구십냐,False,A
죽구싶냐,False,A
죽을년,False,A
죽을놈,False,A
죽을래,False,A
죽이삔다,False,A
죽일년,False,A
죽일놈,False,A
줴수없다,False,A
쥐랄,False,A
쥐럴,False,A
쥐뢀,False,A
쥐룰,False,A
쥐새키,False,A
쥐세키,False,A
쥐이럴,False,A
쥗,False,A
즤랄,False,A
지랄,False,A
지럴,False,A
지롤,False,A
지뢀,False,A
지룰,False,A
지에미,False,A
지이랄,False,A
지이럴,False,A
지져버려,False,A
지핥,False,A
질알,False,A
질얼,False,A
질올,False,A
질할,False,A
짜쥐,False,A
짜쥐털,False,A
짜즤,False,A
짜지,False,A
짜지털,False,A
짬지,False,A
짭새,False,A
짭쉐,False,A
쨔저,False,A
쨔져,False,A
쪼가리,False,A
쪼갈,False,A
쪼개지마,False,A
쪼까,False,A
쪼다,False,A
쪽빠리,False,A
쫍밥,False,A
쬬개,False,A
쬬까,False,A
쭈둥아리,False,A
쮜랄,False,A
찌랄,False,A
찐따,False,A
찢어죽일년,False,A
찢어죽일놈,False,A
창녀,False,A
창년,False,A
창놈,False,A
창뇨,False,A
창뇬,False,A
처먹어,False,A
처박다,False,A
처죽일년,False,A
처죽일놈,False,A
쳐먹어,False,A
쳐쑤셔박어,False,A
쳐죽인다,False,A
쳐죽일것,False,A
쳐죽일년,False,A
쳐죽일놈,False,A
쳤같다,False,A
촌나시펄,False,A
촌씨브라리,False,A
촌씨브랑이,False,A
촌씨브랭이,False,A
촹뇬,False,A
춎마라라,False,A
춎이다,False,A
츠발,False,A
친넘,False,A
캐새끼,False,A
캐쉐리,False,A
캐쉑끼,False,A
컴색,False,A
컴세엑,False,A
컴섹,False,A
컴쌕,False,A
컴쎅,False,A
튀껍냐,False,A
티껍,False,A
티껍냐,False,A
티꼽냐,False,A
티발,False,A
티이발,False,A
패니스,False,A
패티쉬,False,A
펀섹,False,A
펔규,False,A
펔뀨,False,A
펔유,False,A
펔큐,False,A
페니스,False,A
폐니스,False,A
폐티걸,False,A
폐티쉬,False,A
폐티시,False,A
포르노,False,A
포온섹,False,A
폰색,False,A
폰섹,False,A
폰쎅,False,A
핥,False,A
핥아,False,A
함주까,False,A
허뎝,False,A
허버리년,False,A
호구,False,A
호구쉐끼,False,A
호냥년,False,A
호러세귀,False,A
호빠,False,A
호양년,False,A
화냥년,False,A
화냥뇬,False,A
후라덜넘,False,A
후라들년,False,A
후래자식,False,A
후뢰자식,False,A
후리지마,False,A
후릴년,False,A
후좡,False,A
뵨태,False,A
가슴만져,False,A
거시기,False,A
년,False,A
놈,False,A
발기,False,A
버지,False,A
보랄,False,A
보럴,False,A
뽀쥐,False,A
색남,False,A
색수,False,A
거기나빨아랑,False,A
씨방,False,A
씨방아,False,A
씹다,False,A
아씨팔젖같네,False,A
에미,False,A
쥐엠,False,A
지엠,False,A
창남,False,A
혀로보지핧기,False,A
혀로보지핱기,False,A
후다,False,A
후장,False,A
10새,False,A
10색,False,A
10섹,False,A
10쉑,False,A
10알,False,A
10창,False,A
10챵,False,A
10팍,False,A
10팔,False,A
10펄,False,A
10할,False,A
18넘,False,A
18년,False,A
18놈,False,A
18뇬,False,A
18늠,False,A
18새,False,A
18새끼,False,A
18색,False,A
18색끼,False,A
18세끼,False,A
18쉐키,False,A
1o새,False,A
1o새끼,False,A
1o세끼,False,A
4까시,False,A
c발,False,A
c부랄,False,A
c팔,False,A
g랄,False,A
ho로쉐끼,False,A
ji랄,False,A
si팔,False,A
개가튼,False,A
개갈보,False,A
개같은,False,A
개넘,False,A
개논,False,A
개뇬,False,A
개뇽,False,A
개눔,False,A
개늠,False,A
개늠아,False,A
개뵹신,False,A
개불랄,False,A
개불알,False,A
개붕알,False,A
개새,False,A
개색,False,A
개생퀴,False,A
개샠,False,A
개샤끼,False,A
개세,False,A
개세이,False,A
개섹,False,A
개쇄,False,A
개쇅,False,A
개쉐,False,A
개쉑,False,A
개쉬바,False,A
개쉬발,False,A
개쉬벌,False,A
개시끼,False,A
개시바,False,A
개시발,False,A
개쌍넘,False,A
개쌍년,False,A
개쌍놈,False,A
개쌍뇬,False,A
개쌔,False,A
개쌕기,False,A
개썌끼,False,A
개쎄끼야,False,A
개쒜리,False,A
개쓉,False,A
개쓰래기,False,A
개씁,False,A
개씨바,False,A
개씨블,False,A
개씨뻘,False,A
개씹,False,A
개씹세,False,A
개자석,False,A
개자쉭,False,A
개자슥,False,A
개자씩,False,A
개자쥐,False,A
개젓,False,A
개젗,False,A
개졋,False,A
개졎,False,A
개조옷,False,A
개족,False,A
개좇,False,A
개호러,False,A
걸래가튼뇬,False,A
걸래같은년,False,A
걸래년,False,A
게가튼,False,A
게같은,False,A
게넘,False,A
게년,False,A
게놈,False,A
게뇬,False,A
게눔,False,A
게늠,False,A
게늠아,False,A
게보쥐,False,A
게보지,False,A
게부럴,False,A
게새기,False,A
게새끼,False,A
게색,False,A
게세,False,A
게섹,False,A
게쉐리,False,A
게쉐이,False,A
게쉑,False,A
게쉬키,False,A
게시끼,False,A
게쎄기,False,A
게쎄끼,False,A
게자쉭,False,A
게자슥,False,A
게자식,False,A
게자쥐,False,A
게자지,False,A
게젓,False,A
게좆,False,A
게지뢀,False,A
계색갸,False,A
계세키,False,A
궤색,False,A
궤섹,False,A
궤시끼,False,A
궤자지,False,A
깨쌔끼,False,A
뉘미쉬벌,False,A
늬음마,False,A
니뮈쒸발,False,A
니미밑구녕,False,A
니미쉬벌,False,A
니미쒸발,False,A
니미쒸블,False,A
니미좃,False,A
니보지,False,A
니보지구멍,False,A
니뽕좃이다,False,A
니어미배째,False,A
니자지,False,A
니조지다,False,A
니좃대로,False,A
니죠때,False,A
닝기미씹,False,A
닝기미좃,False,A
대갈빡,False,A
대갈통,False,A
대저라,False,A
데갈,False,A
데구빡,False,A
말버지,False,A
말좆,False,A
뮈칀세끼,False,A
뮈칀세리,False,A
뮈칀세이,False,A
뮈칀섹끼,False,A
뮈친세리,False,A
뮈친세이,False,A
뮈친섹끼,False,A
뮈친쉑이,False,A
미친,False,A
미친새끼,False,A
미췬,False,A
미췬세끼,False,A
미칀,False,A
미친개새끼,False,A
미친개색기,False,A
미친개쉑,False,A
미친쌍년,False,A
미친싸앙년,False,A
미친싸앙놈,False,A
미친쌍농,False,A
미친쌍뇽,False,A
미친썅년,False,A
미친썅놈,False,A
미친씹쌔,False,A
미친씹쌔끼,False,A
미친씹쎄끼,False,A
미친좃대가리,False,A
미튄,False,A
미티넘,False,A
미틴,False,A
밑구녕,False,A
밑구멍,False,A
뱅신시키,False,A
버쥐,False,A
버즤,False,A
버지물,False,A
벼엉시나,False,A
벼엉시이,False,A
벼잉신,False,A
병쉬,False,A
병신새,False,A
병신새끼,False,A
병신색기,False,A
병신쉐리,False,A
병신쉐이,False,A
병어신,False,A
병엉신,False,A
보즤,False,A
보지,False,A
보지구녕,False,A
보지뇬,False,A
보짓년,False,A
보짓물,False,A
보짖물,False,A
보털,False,A
봉신,False,A
뵝신,False,A
부뢀,False,A
붕뛴,False,A
붕싄,False,A
뷩쉬,False,A
뷩싄,False,A
븅신새끼,False,A
븅신색끼,False,A
븅신색히,False,A
븅신섹히,False,A
빙신쉐리,False,A
빙신쉐이,False,A
빽자지,False,A
뻨유,False,A
뻨큐,False,A
뽈로노,False,A
뿌랄,False,A
뿔알,False,A
사앙년,False,A
삭바가지,False,A
삭박아지,False,A
상놈쉑,False,A
상뇬,False,A
상늠쉑,False,A
샙때끼,False,A
샤앙녀,False,A
샤앙년,False,A
샤앙놈,False,A
샹논,False,A
샹놈,False,A
쉬부랄,False,A
시벌존나,False,A
시벌좃나,False,A
시부랄넘,False,A
시부랄녀언,False,A
시부랄년,False,A
시부랄놈,False,A
시부랄뇬,False,A
시부래미,False,A
시불랑,False,A
시불헐,False,A
시앙년,False,A
시양년,False,A
십8,False,A
십데꺄,False,A
십아,False,A
십우랄년아,False,A
십자석,False,A
십장이,False,A
십쟁이,False,A
싰발,False,A
싰벌,False,A
싶발,False,A
싶벌,False,A
싶빡,False,A
싶빨,False,A
싶뻘,False,A
싸앙년,False,A
싸앙뉸,False,A
싹년,False,A
쌍뇽,False,A
쌍뉸,False,A
쌍부랄,False,A
쌍연?,False,A
쌰앙녀,False,A
쌰앙년,False,A
쌰앙뇬,False,A
쌰앙뉸,False,A
썅넌,False,A
썅년,False,A
썅뇬?,False,A
썅악년,False,A
썅악여,False,A
썅악연,False,A
썅앙년,False,A
썅연,False,A
쓉창,False,A
쓰부랄,False,A
씁창,False,A
씝창,False,A
씨8,False,A
씨발새끼,False,A
씨발개새끼,False,A
씨발잡놈,False,A
씨발개잡놈,False,A
씨배랄,False,A
씨베랄,False,A
씨베렐,False,A
씨봉알,False,A
씨부랠,False,A
씨부럴잡놈,False,A
씨부럴개잡놈,False,A
씨부얼,False,A
씨불알,False,A
씨불얼,False,A
씨불할,False,A
씨불헐,False,A
씨앙년,False,A
씨양년,False,A
씨창,False,A
씹8,False,A
씹구멍,False,A
씹까,False,A
씹년양아치,False,A
씹젖,False,A
씹좆,False,A
씹좇,False,A
자지,False,A
저까튼,False,A
저꽈튼,False,A
저꽛튼,False,A
적가튼,False,A
적꽈튼,False,A
젓가튼,False,A
젓갓,False,A
젓같내,False,A
젓같네,False,A
젓같다,False,A
젓같은,False,A
젓같은?,False,A
젖가튼,False,A
젖같네,False,A
젖같은,False,A
젗같,False,A
져꽈튼,False,A
졋같다,False,A
졎같다,False,A
조가틍,False,A
조까치,False,A
조까튼,False,A
조깓,False,A
조깟,False,A
조깠,False,A
조깥,False,A
조끗,False,A
조끗네,False,A
조또,False,A
조빠,False,A
조옷가튼,False,A
조옷같,False,A
족가튼,False,A
족간네,False,A
족같,False,A
족같은,False,A
족까치,False,A
좃갔다,False,A
좃같,False,A
좃같내,False,A
좃같다,False,A
좃같아,False,A
좃같어,False,A
좃봉지,False,A
좆가튼,False,A
좆같,False,A
좆같네,False,A
좆같아,False,A
좇가튼,False,A
좇같,False,A
좇같네,False,A
좇같은,False,A
죠까틍,False,A
죠콰떼,False,A
죠콰퉤,False,A
죧같,False,A
죧만한,False,A
죶가튼,False,A
죶같은,False,A
쪼가튼,False,A
쫃갇네,False,A
쫃같네,False,A
쫓같,False,A
캐병신,False,A
캐븅신,False,A
호구새끼,False,A
호러새끼,False,A
흐접쌔끼,False,A
아동포르노,False,A
미성년자포르노,False,A
아동매춘물,False,A
망가,False,A
여고생교복야동,False,A
여고생야동,False,A
18샹놈,False,A
18샹늠,False,A
개잡놈,False,A
미친쓰레기,False,A
보슬아치,False,A
개쓰레기잡놈,False,A
씨발색기,False,A
씨발놈,False,A
씨발놈의새끼,False,A
샹늠,False,A
샹놈의새끼,False,A
미친씨발,False,A
미친씨발놈,False,A
간철수,False,A
개쌍도,False,A
경상디언,False,A
개쌍디언,False,A
김치년,False,A
멍청도,False,A
박원숭,False,A
씹선비,False,A
설라디언,False,A
스시녀,False,A
좌이트,False,A
좌빨,False,A
전라디언,False,A
탈라도,False,A
빨갱이,False,A
좌좀,False,A
낙태충,False,A
일베충,False,A
피망,False,A
세이클럽,False,A
개발자,False,A
게시판관리자,False,A
피엠,False,A
피코네코,False,A
베이스볼쇼다운,False,A
피망포커,False,A
피망맞고,False,A
싸워싸워아레나,False,A
싸워싸워,False,A
소리바다,False,A
이엑스피100,False,A
알빠노,False,A
개선주,False,A
느개비,False,A
한남충,False,A
메갈년,False,A
재기해,False,A
쎾쓰,False,A
빡머갈,False,A
빡대가리,False,A
졸라,False,A
자위,False,A
딸딸이,False,A
야동,False,A
근친,False,A
쇼타,False,A
한남,False,A
소추,False,A
소추소심,False,A
틀딱,False,A
틀니,False,A
틀니압수,False,A
틀니딱딱,False,A
급식충,False,A
초딩,False,A
자딩,False,A
씹창놈,False,A
씹창년,False,A
보지물,False,A
자지물,False,A
질내사정,False,A
질외사정,False,A
질싸,False,A
입싸,False,A
얼싸,False,A
후싸,False,A
항문,False,A
똥꼬,False,A
똥꼬충,False,A
항문섹스,False,A
펨돔,False,A
스팽,False,A
소아성애,False,A
물뽕,False,A
졸피뎀,False,A
프로포폴,False,A
토토,False,A
꽁머니,False,A
꽁포,False,A
^^l발,False,A
108새끼,False,A
10넘,False,A
10놈,False,A
10발넘,False,A
10발년,False,A
10발놈,False,A
10밸넘,False,A
10밸놈,False,A
10밸늠,False,A
10버지,False,A
10새기,False,A
10새끼,False,A
10새리,False,A
10새야,False,A
10새퀴,False,A
10쎄끼,False,A
10쎝치,False,A
10앨넘,False,A
10앨놈,False,A
10앨늠,False,A
10이다,False,A
10탱,False,A
10팔년,False,A
10팔놈,False,A
10팔뇬,False,A
10팔색,False,A
10팔섹,False,A
10팔쉑,False,A
10팔연,False,A
10할년,False,A
10할연,False,A
18눔,False,A
18섹,False,A
18쉐,False,A
18쉑,False,A
18시끼,False,A
18시키,False,A
18쎄리,False,A
18쒜끼,False,A
18쒜리,False,A
18쒝끼,False,A
18씨끼,False,A
18운영자,False,A
2C팔,False,A
2씨8,False,A
4까C,False,A
ac발,False,A
ac팔,False,A
C8넘,False,A
C8년,False,A
C8놈,False,A
C8뇬,False,A
c발넘,False,A
c발년,False,A
c발놈,False,A
c발뇬,False,A
c발섹,False,A
c발쉑,False,A
c벌넘,False,A
C벌년,False,A
c불넘,False,A
c불놈,False,A
c불늠,False,A
c블넘,False,A
c블놈,False,A
c블늠,False,A
c빨넘,False,A
dog새,False,A
D랄,False,A
g럴,False,A
g롤,False,A
g뢀,False,A
g룰,False,A
PHONE색,False,A
s하고e싶다x,False,A
XX할,False,A
x섹x스x해x,False,A
x지,False,A
가튼넘,False,A
가튼년,False,A
가튼놈,False,A
가튼뇬,False,A
갇은넘,False,A
갇은년,False,A
갇은놈,False,A
갇은뇬,False,A
같은넘,False,A
같은년,False,A
같은놈,False,A
같은뇬,False,A
같은새끼,False,A
같은쌔,False,A
개가든,False,A
개가뜬,False,A
개가턴,False,A
개가툰,False,A
개갇은,False,A
개같,False,A
개같은넘,False,A
개같은뇬,False,A
개너마,False,A
개너므,False,A
개넌,False,A
개녀나,False,A
개노마,False,A
개노무새끼,False,A
개뇨나,False,A
개뇸,False,A
개느마,False,A
개때꺄,False,A
개때끼,False,A
개떼끼,False,A
개랙기,False,A
개련,False,A
개발뇬,False,A
개보즤,False,A
개부달,False,A
개부러럴,False,A
개부럴,False,A
개부뢀,False,A
개부알,False,A
개삭구,False,A
개색끼,False,A
개샊,False,A
개샛끼,False,A
개샛키,False,A
개샛킹,False,A
개샛히,False,A
개샜끼,False,A
개생키,False,A
개샤킥,False,A
개샥,False,A
개샹늠,False,A
개세끼,False,A
개세리,False,A
개세키,False,A
개섹히,False,A
개섺,False,A
개셃,False,A
개셋키,False,A
개셐,False,A
개셰리,False,A
개솩,False,A
개쇄기,False,A
개쇄끼,False,A
개쇅끼,False,A
개쇅키,False,A
개쇗,False,A
개쇠리,False,A
개쇸,False,A
개쉐끼,False,A
개쉐리,False,A
개쉐키,False,A
개쉑갸,False,A
개쉑기,False,A
개쉑꺄,False,A
개쉑끼,False,A
개쉑캬,False,A
개쉑키,False,A
개쉑히,False,A
개쉢,False,A
개쉨,False,A
개쉬,False,A
개쉬끼,False,A
개쉬리,False,A
개쉽,False,A
개스끼,False,A
개스키,False,A
개습세,False,A
개습쌔,False,A
개싀기,False,A
개싀끼,False,A
개싀밸,False,A
개싀킈,False,A
개싀키,False,A
개싏,False,A
개싑창,False,A
개싘,False,A
개시퀴,False,A
개식기,False,A
개식끼,False,A
개식히,False,A
개십팔,False,A
개싯기,False,A
개싯끼,False,A
개싯키,False,A
개싴,False,A
개쌍눔,False,A
개쌍늠,False,A
개쌍연,False,A
개쌍영,False,A
개쌔꺄,False,A
개쌔끼,False,A
개쌕,False,A
개쌕끼,False,A
개쌰깨,False,A
개썅,False,A
개썅년,False,A
개썅놈,False,A
개썅늠,False,A
개썅연,False,A
개쎄,False,A
개쎅,False,A
개쎼키,False,A
개쐐리,False,A
개쒜,False,A
개쒜끼,False,A
개쒝,False,A
개쒝기,False,A
개쒝꺄,False,A
개쒝끼,False,A
개쒝캬,False,A
개쒝키,False,A
개쒯,False,A
개쒸,False,A
개쒸빨놈,False,A
개쒹기,False,A
개씁쌔,False,A
개씁쎄,False,A
개씌끼,False,A
개씨끼,False,A
개씨발넘,False,A
개씨발놈,False,A
개씨발뇸,False,A
개씨부럴,False,A
개씨팔,False,A
개씨팕,False,A
개씸,False,A
개씹창,False,A
개씹팔,False,A
개욘,False,A
개잡것,False,A
개잡뇬,False,A
개젖,False,A
개조또,False,A
개지럴,False,A
개창년,False,A
개허러,False,A
개허벌년,False,A
개호로,False,A
개후랄,False,A
개후레,False,A
개후로,False,A
개후장,False,A
개ㅐ색,False,A
걔섀끼,False,A
걔잡넘,False,A
걔잡뇬,False,A
거지새끼,False,A
거지쉐뀌,False,A
거지쉑이,False,A
거지쎄끼,False,A
거지쒜리,False,A
게너마,False,A
게노마,False,A
게뇨나,False,A
게뇸,False,A
게뇽,False,A
게띠발넘,False,A
게부랄,False,A
게부알,False,A
게새리,False,A
게새키,False,A
게색기,False,A
게색끼,False,A
게샛키,False,A
게세꺄,False,A
게잡넘,False,A
게잡년,False,A
게잡뇬,False,A
계같은뇬,False,A
계뇬,False,A
고자새끼,False,A
구멍질,False,A
궤놈,False,A
궤부럴,False,A
궤시키,False,A
궤쎅,False,A
그지새끼,False,A
그지새키,False,A
그지색,False,A
기집년,False,A
까진년,False,A
깔보넘,False,A
깔보년,False,A
깔보놈,False,A
깔보뇬,False,A
깨쉑,False,A
깨쌔꺄,False,A
깨쌔리,False,A
꺼추,False,A
꼬추,False,A
꼬치,False,A
ㄴ1ㅁ1,False,A
ㄴ1ㅇH미,False,A
ㄴ1에미,False,A
ㄴㅣㄱㅣ,False,A
ㄴㅣㅇㅐㅁㅣ,False,A
ㄴㅣㅇㅣㅁㅣ,False,A
나너먹을게,False,A
나쁜쉑,False,A
난잡년,False,A
내미럴,False,A
너에미,False,A
넴병,False,A
누워라이년아,False,A
누웠냐씨방새,False,A
눈깔,False,A
눈깔어좃만아,False,A
눼기미,False,A
뉘미롤,False,A
뉘에미,False,A
뉘잉기미,False,A
느검마,False,A
느금마,False,A
니OH미,False,A
니기리,False,A
니기미씹,False,A
니뮈랄,False,A
니뮈럴,False,A
니믜,False,A
니믜창,False,A
니미,False,A
니미랄,False,A
니미럴,False,A
니미씨펄넘,False,A
니뽕좃,False,A
니앰,False,A
니엠,False,A
니임이,False,A
닌기미,False,A
닐기랄년,False,A
님이랄,False,A
다리벌려,False,A
다리벌리,False,A
대영웅좃대갈,False,A
대준다,False,A
더러운년,False,A
더러운놈,False,A
됻밥,False,A
둇,False,A
뒤럴,False,A
뒤로너어줘,False,A
뒤질래,False,A
뒷치기,False,A
듸뢀,False,A
듸발,False,A
디뢀,False,A
디발,False,A
디발눔,False,A
디방쉐,False,A
디봘,False,A
딸다리,False,A
딸달이,False,A
딸쳐,False,A
딸치,False,A
때끼,False,A
떡쳐라,False,A
떼끼,False,A
똘추,False,A
똘추년,False,A
똘추놈,False,A
똥구뇽,False,A
똥구멍,False,A
똥년,False,A
똥새끼,False,A
뛰발,False,A
뛰봘,False,A
뜁새,False,A
뜨발,False,A
뜨벌,False,A
띄랄,False,A
띄발,False,A
띄밸,False,A
띄뱅,False,A
띄불,False,A
띕때,False,A
띕새,False,A
띕알,False,A
띠껍,False,A
띠뎅,False,A
띠랄,False,A
띠바,False,A
띠바랄,False,A
띠박,False,A
띠발,False,A
띠발넘,False,A
띠발년,False,A
띠발놈,False,A
띠발뇬,False,A
띠발자식,False,A
띠방,False,A
띠방새,False,A
띠방세,False,A
띠방쉐,False,A
띠밸,False,A
띠버럴,False,A
띠벌,False,A
띠벙,False,A
띠벙세,False,A
띠벨,False,A
띠병,False,A
띠볼,False,A
띠봉,False,A
띠봉세,False,A
띠봉알,False,A
띠부랄놈,False,A
띠부럴,False,A
띠불넘,False,A
띠불년,False,A
띠불놈,False,A
띠붕,False,A
띠붕세,False,A
띠뷀,False,A
띠브랄,False,A
띠브럴,False,A
띠블,False,A
띠블넘,False,A
띠이바,False,A
띠이발,False,A
띠이방,False,A
띠이밸,False,A
띠이벌,False,A
띠이볼,False,A
띠이불,False,A
띠이붕,False,A
띠이팔,False,A
띠이펄,False,A
띠이풀,False,A
띠키,False,A
띠파,False,A
띠팔,False,A
띠퍼,False,A
띠펄,False,A
띠풀,False,A
띱,False,A
띱데,False,A
띱때,False,A
띱때끼,False,A
띱새,False,A
띱세,False,A
띱쉐,False,A
띱쎄,False,A
띱쒜,False,A
띱할,False,A
띱헐,False,A
리미랄,False,A
리미럴,False,A
리미썅,False,A
리얼섹,False,A
립서비스,False,A
링기미,False,A
ㅁ1친놈,False,A
막대핥아줘,False,A
만져볼래,False,A
만져주께,False,A
만져줘,False,A
만지고파,False,A
만지면커진다,False,A
망할새퀴,False,A
매친년,False,A
매친놈,False,A
먹고보니내딸,False,A
먹고보니똥개,False,A
먹고보니재수,False,A
먹고보니처제,False,A
먹은넘,False,A
먹은년,False,A
먹은놈,False,A
먹은뇬,False,A
메췬년,False,A
메췬놈,False,A
메친넘,False,A
메친년,False,A
메친놈,False,A
메친뇬,False,A
목따,False,A
몸뚱이줄께,False,A
몸안에사정,False,A
물확뺄,False,A
뭬친년,False,A
뭬친놈,False,A
뮈칀,False,A
뮈친,False,A
뮈친년,False,A
뮈친놈,False,A
믜칭넘,False,A
미랄,False,A
미럴,False,A
미륀넘,False,A
미륀년,False,A
미린넘,False,A
미린년,False,A
미진넘,False,A
미진뇬,False,A
미찬놈,False,A
미찬뇬,False,A
미췐년,False,A
미췬넘,False,A
미췬년,False,A
미췬놈,False,A
미췬뇬,False,A
미췬세리,False,A
미췬세이,False,A
미칀년,False,A
미칀놈,False,A
미치넘,False,A
미치뇬,False,A
미친구멍,False,A
미친넌,False,A
미친넘,False,A
미친뇽,False,A
미친눔,False,A
미친색이,False,A
미친섀리,False,A
미친쌍,False,A
미친쌍녕,False,A
미친쌍놈,False,A
미친쌔,False,A
미친씹후까시,False,A
미튄넘,False,A
미튄년,False,A
미틘년,False,A
미틴넘,False,A
미틴년,False,A
미틴놈,False,A
미틴뇬,False,A
밑꾸녕,False,A
밑꾸뇽,False,A
밑힌년,False,A
㉥㉥ㅏ,False,A
ㅂㅈ,False,A
ㅂㅂㅏ구ㄹㅣ,False,A
ㅂㅂㅏ구리,False,A
ㅂㅅ,False,A
ㅂ지,False,A
ㅂㅓ즤,False,A
바주카자지,False,A
박고빼고,False,A
박고싶,False,A
박을년,False,A
밖에다쌀께,False,A
발넘,False,A
발년,False,A
발정,False,A
배째,False,A
배째라게세끼,False,A
밸년,False,A
밸놈,False,A
버따리자지,False,A
버얼려서너어,False,A
버지벌렁벌렁,False,A
벌창같은년,False,A
벗겨보니그날,False,A
벗겨보니남자,False,A
벗겨보니내딸,False,A
벗겨보니숙모,False,A
벗겨보니처재,False,A
벗겨보니처제,False,A
벗겨보니형수,False,A
벨년,False,A
벨놈,False,A
병ㅅ새,False,A
병시나,False,A
병신년,False,A
병신놈,False,A
병신쪼다,False,A
보g,False,A
보x,False,A
보z,False,A
보ㅈㅣ,False,A
보주ㅣ,False,A
보지구멍,False,A
보지녀,False,A
보지년,False,A
보지벌,False,A
보지빨,False,A
보지털,False,A
보짓,False,A
보짖,False,A
보찌,False,A
보탱,False,A
보텡,False,A
봊이,False,A
봊지,False,A
뵤오지,False,A
뵤즤,False,A
뵤지,False,A
불넘,False,A
붜지,False,A
븽시,False,A
ㅃR,False,A
ㅃr굴,False,A
ㅃㅏㄱㅜ,False,A
ㅃㅏ구ㄹㅣ,False,A
ㅃㅏ구리,False,A
ㅃㅏㄹㅏ,False,A
빠가씹새,False,A
빠구ㄹㅣ,False,A
빠굴,False,A
빠그리,False,A
빠라,False,A
빨0r,False,A
빨게하,False,A
빨게해,False,A
빨고시포,False,A
빨고싶다,False,A
빨기,False,A
빨라줘,False,A
빨아라,False,A
빨아먹,False,A
빨아봐,False,A
빨아죠,False,A
빨아주,False,A
빨아줄,False,A
빨아줘,False,A
빨어봐,False,A
빨어핥어박어,False,A
빨자,False,A
빽좌지,False,A
뻐지,False,A
뻨뀨,False,A
뽀쮜,False,A
ㅄ,False,A
ㅅ1발,False,A
ㅅHㄲI,False,A
ㅅH끼,False,A
ㅅㄲ,False,A
ㅅㅂ,False,A
ㅅㅂㄹㅁ,False,A
ㅅ빩,False,A
ㅅ시발,False,A
ㅅㅏㄲㅏ,False,A
ㅅㅏ까,False,A
ㅅㅏ까시,False,A
ㅅㅐㄲㅑ,False,A
ㅅㅐㄲㅣ,False,A
ㅅㅐ꺄,False,A
ㅅㅐ뀌,False,A
ㅅㅐ끼,False,A
ㅅㅐㄹㅣ,False,A
ㅅㅔㄱ,False,A
ㅅㅔㄲㅣ,False,A
ㅅㅔ끼,False,A
ㅅㅔㄹㅣ,False,A
ㅅㅔㅅ,False,A
ㅅㅣㄲㅣ,False,A
ㅅㅣ달년,False,A
ㅅㅣㅂㅏ,False,A
ㅅㅣㅂㅗㅏㄹ,False,A
ㅅㅣ박,False,A
ㅅㅣ발,False,A
ㅅㅣ벨,False,A
ㅅㅣ빨,False,A
ㅅㅣ입팔,False,A
ㅅㅣㅋㅣ,False,A
ㅅㅣㅍㅏ,False,A
ㅅㅣㅍㅓ,False,A
ㅅㅣ팍,False,A
ㅅㅣ팔,False,A
사ㄱㄱㅏ,False,A
사가리,False,A
사갈탱이,False,A
사ㄲㅏ,False,A
사까,False,A
사앙뉸,False,A
삽입,False,A
삽탱,False,A
상넘,False,A
상노무,False,A
새X,False,A
새갸,False,A
새귀,False,A
새ㄲㅑ,False,A
새까,False,A
새뀌,False,A
새끠,False,A
새뤼,False,A
새리,False,A
새에퀴,False,A
새캬,False,A
새퀴,False,A
새ㅐ꺄,False,A
색갸,False,A
색ㄲㅣ,False,A
색꺄,False,A
색들,False,A
색ㅋㅑ,False,A
색캬,False,A
색키,False,A
색할,False,A
색햐,False,A
색휘,False,A
색히,False,A
샊꺄,False,A
샊끼,False,A
샙새,False,A
샙세,False,A
생퀴,False,A
생키,False,A
샠,False,A
샤발,False,A
샵년,False,A
샹넘,False,A
샹악년,False,A
샹악연,False,A
섀기,False,A
섀꺄,False,A
섀끼,False,A
섀캬,False,A
섀키,False,A
서글넘,False,A
성행위,False,A
세게빨아,False,A
세꺄,False,A
세뀌,False,A
세끠,False,A
세에끼,False,A
세에쓰,False,A
세에엑스,False,A
세엑,False,A
세엑스,False,A
세캬,False,A
세퀴,False,A
세키,False,A
섹e스,False,A
섹s,False,A
섹ㄱ기,False,A
섹꺄,False,A
섹들,False,A
섹키,False,A
섹하고,False,A
섹하구,False,A
섹하쟈,False,A
섹한번,False,A
섹할,False,A
섹해,False,A
섹히,False,A
셁기,False,A
셁끼,False,A
셐기,False,A
셰끼,False,A
쇄기,False,A
쇄뀌,False,A
쇄끼,False,A
쇄이,False,A
쇄키,False,A
쇅꺄,False,A
쇅끼,False,A
쇅쑤,False,A
쇅쓰,False,A
쇅키,False,A
쇅햐,False,A
쇍끼,False,A
쇗키,False,A
쇠뀌,False,A
쇠끼,False,A
쉐뀌,False,A
쉐뤼,False,A
쉐리,False,A
쉐엑,False,A
쉐퀴,False,A
쉐키,False,A
쉐히,False,A
쉑꺄,False,A
쉑수,False,A
쉑쑤,False,A
쉑쓰,False,A
쉑캬,False,A
쉑키,False,A
쉑햐,False,A
쉑히,False,A
쉡발,False,A
쉡세,False,A
쉣끼,False,A
쉣더뻑,False,A
쉣키,False,A
쉨기,False,A
쉨끼,False,A
쉨캬,False,A
쉬28,False,A
쉬8,False,A
쉬꺄,False,A
쉬끼,False,A
쉬바냔,False,A
쉬바넘,False,A
쉬바녀,False,A
쉬바년,False,A
쉬바노마,False,A
쉬바놈,False,A
쉬바뇬,False,A
쉬바뇽,False,A
쉬바눔,False,A
쉬바늠,False,A
쉬바랄,False,A
쉬바련,False,A
쉬바상,False,A
쉬바새,False,A
쉬바색,False,A
쉬바섀,False,A
쉬바세,False,A
쉬바섹,False,A
쉬바셰,False,A
쉬바쉐,False,A
쉬바쉑,False,A
쉬바시,False,A
쉬바식,False,A
쉬바싯,False,A
쉬바쌍,False,A
쉬바쌔,False,A
쉬바쎄,False,A
쉬바알,False,A
쉬바잡,False,A
쉬발년,False,A
쉬방쉐이,False,A
쉬뱅,False,A
쉬뱔뇬,False,A
쉬벌년,False,A
쉬벧,False,A
쉬벨뇬,False,A
쉬볼,False,A
쉬봘,False,A
쉬부,False,A
쉬부랄조또,False,A
쉬불탱,False,A
쉬빌,False,A
쉬빠,False,A
쉬빡,False,A
쉬뺄,False,A
쉬이8,False,A
쉬이바,False,A
쉬이밸,False,A
쉬이부,False,A
쉬이빡,False,A
쉬이뺄,False,A
쉬이뻘,False,A
쉬키,False,A
쉬파새,False,A
쉬파색,False,A
쉬파쌔,False,A
쉬파쌕,False,A
쉬팕,False,A
쉬팛,False,A
쉬펄넘,False,A
쉬펄년,False,A
쉬펄놈,False,A
쉬펄뇬,False,A
쉬펄늠,False,A
쉬펑,False,A
쉬퐁,False,A
쉬풀,False,A
쉭빨,False,A
쉭뻘,False,A
쉭셰리,False,A
쉭팔,False,A
쉻알,False,A
쉽8,False,A
쉽년,False,A
쉽뇬,False,A
쉽땍기,False,A
쉽땡구리,False,A
쉽발,False,A
쉽빨,False,A
쉽뻘,False,A
쉽ㅅㅐ,False,A
쉽ㅅㅔ,False,A
쉽생구리,False,A
쉽샤퀴,False,A
쉽셋,False,A
쉽쉑,False,A
쉽쌔,False,A
쉽썌,False,A
쉽앨,False,A
쉽탱,False,A
쉽할이,False,A
쉿새,False,A
쉿세,False,A
슈발,False,A
슈ㅟ발,False,A
슈ㅣㅂ발,False,A
슈ㅣ발,False,A
슈ㅣ발년,False,A
슙발,False,A
스끼,False,A
스댕,False,A
스바랄,False,A
스벌놈,False,A
스벌자식,False,A
스불,False,A
스빨,False,A
스빵,False,A
스뻘,False,A
스뻥,False,A
스팔개,False,A
스팔넘,False,A
스팔년,False,A
스팔놈,False,A
스팔뇬,False,A
스팔새,False,A
스팔쌔,False,A
습새,False,A
습세,False,A
습탱,False,A
습팔,False,A
싀발놈,False,A
싀발로모,False,A
싀방,False,A
싀보랄,False,A
싀빨,False,A
싀뻘년,False,A
싁팍,False,A
싑년,False,A
싑발,False,A
싑샤퀴,False,A
싑세,False,A
싑알,False,A
싑앨,False,A
싑질,False,A
싓팔,False,A
시28,False,A
시8,False,A
시글년,False,A
시뀌,False,A
시끼,False,A
시달년,False,A
시댕뇬,False,A
시뗑,False,A
시ㅂㅏ,False,A
시바ㄹ,False,A
시바라,False,A
시바라마,False,A
시바새기,False,A
시박,False,A
시발넘,False,A
시발년,False,A
시발놈,False,A
시발뇬,False,A
시발눔,False,A
시발늠,False,A
시발라마,False,A
시발럼,False,A
시발롬,False,A
시발운영자,False,A
시밝,False,A
시밟,False,A
시밠,False,A
시밣,False,A
시방넘,False,A
시방녀,False,A
시방년,False,A
시방놈,False,A
시방뇬,False,A
시방새,False,A
시방세,False,A
시방쉐,False,A
시방시불,False,A
시밮,False,A
시밯,False,A
시뱅넘,False,A
시뱅놈,False,A
시뱅뇬,False,A
시뱜,False,A
시벌넘,False,A
시벨넘,False,A
시볼너아,False,A
시볼뇬,False,A
시봉세,False,A
시봘,False,A
시봟,False,A
시부랑,False,A
시부리,False,A
시불년,False,A
시불놈,False,A
시불탱,False,A
시불팅,False,A
시뷀,False,A
시블넘,False,A
시블년,False,A
시빌,False,A
시빠련,False,A
시빠바조쿠나,False,A
시빨년,False,A
시빨놈,False,A
시빵,False,A
시뻥,False,A
시쎄이,False,A
시ㅇ브랄녀,False,A
시아눔,False,A
시앙넘,False,A
시앙놈,False,A
시앙눔,False,A
시양넘,False,A
시양놈,False,A
시양눔,False,A
시이8,False,A
시이바,False,A
시이방,False,A
시이밸,False,A
시이부,False,A
시이빡,False,A
시이팍,False,A
시파늠,False,A
시파새,False,A
시파쌔,False,A
시팍년,False,A
시팏,False,A
시팔넘,False,A
시팔년,False,A
시팔노마,False,A
시팔놈,False,A
시팔놈운영자,False,A
시팔운영자,False,A
시팕,False,A
시팗,False,A
시팤,False,A
시펄년,False,A
시펄놈,False,A
시펑,False,A
시퐁,False,A
시퐈,False,A
시퐉,False,A
시퐐,False,A
시퐐년,False,A
시푈,False,A
시풀놈,False,A
시ㅣ발,False,A
식키,False,A
식팍,False,A
식팔,False,A
식펄년,False,A
신발너마,False,A
실바시발놈,False,A
싥팕,False,A
싫팛늠,False,A
심년,False,A
십8색,False,A
십8섹,False,A
십가튼,False,A
십넘,False,A
십놈,False,A
십뇬,False,A
십딱,False,A
십때꺄,False,A
십때키,False,A
십땡,False,A
십떼키,False,A
십발새끼,False,A
십발쌔꺄,False,A
십밸,False,A
십사꾸,False,A
십새까,False,A
십새꺄,False,A
십새끼,False,A
십새캬,False,A
십새키,False,A
십색꺄,False,A
십색끼,False,A
십샹,False,A
십섀,False,A
십쇄리,False,A
십쇡기,False,A
십쇼키,False,A
십숑키,False,A
십쉐리,False,A
십쉑,False,A
십쉑히,False,A
십시끼,False,A
십시퀴,False,A
십쌔꺄,False,A
십쌔키,False,A
십쎄끼,False,A
십쎼,False,A
십씨키,False,A
십앋,False,A
십알넘,False,A
십알놈,False,A
십왈,False,A
십우랄년,False,A
십자식,False,A
십좃,False,A
십좌지,False,A
십지럴,False,A
십창년,False,A
십챵,False,A
십탱구리,False,A
십탱굴이,False,A
십탱꾸리,False,A
십탱아,False,A
십탱이,False,A
십텡구리,False,A
십퉁,False,A
십팔년,False,A
십팔놈,False,A
십팔련,False,A
십팔새끼,False,A
십팔연,False,A
십하,False,A
십할넘,False,A
십할년,False,A
십할놈,False,A
십할뇬,False,A
십할련,False,A
싯끼,False,A
싯파,False,A
싯팍,False,A
싯팔뇬,False,A
싯팟,False,A
싯퐐,False,A
싱발,False,A
싲팔,False,A
싴팔,False,A
싵팔,False,A
싶8,False,A
ㅆ!발,False,A
ㅆ1,False,A
ㅆ1바,False,A
ㅆ1발,False,A
ㅆ1밸,False,A
ㅆ1벨,False,A
ㅆ1팔,False,A
ㅆI,False,A
ㅆI발,False,A
ㅆI팔,False,A
ㅆL,False,A
ㅆl발,False,A
ㅆl팔,False,A
ㅆㅂ,False,A
ㅆㅂ놈,False,A
ㅆㅂㄹㅁ,False,A
ㅆㅂㄻ,False,A
ㅆ발,False,A
ㅆㅃ,False,A
ㅆ엘,False,A
ㅆㅍ,False,A
ㅆㅏㄲㅏ,False,A
ㅆㅐㄲㅑ,False,A
ㅆㅐㄲㅣ,False,A
ㅆㅐㄹㅣ,False,A
ㅆㅔㄱ,False,A
ㅆㅔㄲㅑ,False,A
ㅆㅔㄲㅣ,False,A
ㅆㅔㄹㅣ,False,A
ㅆㅖㄲㅣ,False,A
ㅆㅖ끼,False,A
ㅆㅣㄲㅣ,False,A
ㅆㅣㄷ,False,A
ㅆㅣㅂ,False,A
ㅆㅣㅂㅏ,False,A
ㅆㅣ발,False,A
ㅆㅣ벨년,False,A
ㅆㅣ부랄,False,A
ㅆㅣ불년,False,A
ㅆㅣ불얼,False,A
ㅆㅣ블년,False,A
ㅆㅣㅍㅏ,False,A
ㅆㅣㅍㅓ,False,A
ㅆㅣ파,False,A
싸바라마,False,A
싸발년,False,A
싸뱔,False,A
싸앙넘,False,A
싸앙놈,False,A
싸앙뇽,False,A
싸앙눔,False,A
싸앙늠,False,A
쌉년,False,A
쌍너엄,False,A
쌍녀언,False,A
쌍노무,False,A
쌍뇨나,False,A
쌍뇸,False,A
쌍눔,False,A
쌍악연,False,A
쌔까,False,A
쌔뀌,False,A
쌔낑,False,A
쌔리,False,A
쌔밸년,False,A
쌔캬,False,A
쌔퀴,False,A
쌕갸,False,A
쌕꺄,False,A
쌕끼,False,A
쌕캬,False,A
쌕히,False,A
쌩보지,False,A
쌰꺄,False,A
쌰발,False,A
쌰발넘,False,A
쌰발년,False,A
쌰발놈,False,A
쌰발라마,False,A
쌰앙넘,False,A
쌰앙놈,False,A
쌰앙눔,False,A
쌰앙늠,False,A
썁슥,False,A
썁식,False,A
썁쌔리,False,A
썅넘,False,A
썅녀,False,A
썅놈,False,A
썅뇬,False,A
썅눔,False,A
썅악,False,A
썅팔년,False,A
썌꺄,False,A
썌끼,False,A
썌키,False,A
썎끼,False,A
써글넘,False,A
써글년,False,A
써글노무,False,A
써글놈,False,A
써글뇨나,False,A
써글뇬,False,A
써글눔,False,A
써글늠,False,A
써글세끼,False,A
써글시키,False,A
써버럴,False,A
써벌,False,A
썩을넘,False,A
썩을년,False,A
썩을노마,False,A
썩을놈,False,A
썩을뇨나,False,A
썩을뇬,False,A
썩을눔,False,A
썩을늠,False,A
썩을시끼,False,A
썩을시키,False,A
쎄퀴,False,A
쎼ㄲㅣ,False,A
쎼끼,False,A
쐉넘,False,A
쐐뀌,False,A
쐐이,False,A
쐑갸,False,A
쐑꺄,False,A
쐑들,False,A
쐑캬,False,A
쐬끼,False,A
쑤ㅣ벵아,False,A
쑵년,False,A
쑵새,False,A
쒜뀌,False,A
쒜끠,False,A
쒜리,False,A
쒜키,False,A
쒝끼,False,A
쒝쑤,False,A
쒝쓰,False,A
쒝캬,False,A
쒭가튼,False,A
쒭사꾸,False,A
쒭새,False,A
쒸뀌,False,A
쒸뎅,False,A
쒸바라,False,A
쒸방새,False,A
쒸방쉐,False,A
쒸빨넘,False,A
쒸빵세이,False,A
쒸쌔,False,A
쒸이,False,A
쒸입새,False,A
쒸키,False,A
쒸파,False,A
쒸팔넘,False,A
쒸팔년,False,A
쒸팔놈,False,A
쒸팔뇬,False,A
쒸팡,False,A
쓉년,False,A
쓉새,False,A
쓉쌔,False,A
쓉쌔끼,False,A
쓉쎄,False,A
쓉쎄끼,False,A
쓉쒜,False,A
쓉질,False,A
쓉탱,False,A
쓉팔넘,False,A
쓉팔년,False,A
쓉팔놈,False,A
쓉팔뇬,False,A
쓋파라,False,A
쓰글넘,False,A
쓰글년,False,A
쓰글놈,False,A
쓰글늠,False,A
쓰델,False,A
쓰렉년,False,A
쓰방,False,A
쓰부럴,False,A
쓰브럴,False,A
쓰팔넘,False,A
쓰팔년,False,A
쓰팔놈,False,A
쓰팔뇬,False,A
씁새끼,False,A
씁쌔,False,A
씁쎄,False,A
씌28,False,A
씌8,False,A
씌댈,False,A
씌델,False,A
씌뎅,False,A
씌발넘,False,A
씌발쇄,False,A
씌밝,False,A
씌밸넘,False,A
씌뱅,False,A
씌뱌,False,A
씌벵,False,A
씌봉,False,A
씌봘,False,A
씌뵹,False,A
씌알,False,A
씌팏,False,A
씌팕,False,A
씌퐁,False,A
씜쒜이,False,A
씝년,False,A
씝세,False,A
씝쌔,False,A
씝쎄,False,A
씝알,False,A
씝알놈,False,A
씝알늠,False,A
씝질,False,A
씝탱,False,A
씝탱구리,False,A
씝팔,False,A
씝할,False,A
씞,False,A
씦알,False,A
씨28,False,A
씨가랭뇬,False,A
씨땡,False,A
씨뗑,False,A
씨박새,False,A
씨발넘,False,A
씨발년,False,A
씨발뇬,False,A
씨발뇸,False,A
씨발씨발,False,A
씨발라마,False,A
씨발롬,False,A
씨발색,False,A
씨밝,False,A
씨밠,False,A
씨밣,False,A
씨밤,False,A
씨밤년,False,A
씨밥바,False,A
씨밦,False,A
씨밮,False,A
씨밯,False,A
씨밸넘,False,A
씨밸년,False,A
씨밸놈,False,A
씨밸래미,False,A
씨뱅놈,False,A
씨뱅딱,False,A
씨버,False,A
씨벌넘,False,A
씨벌년,False,A
씨벙,False,A
씨벧,False,A
씨벨년,False,A
씨볼년,False,A
씨볼놈,False,A
씨봉년,False,A
씨봉쉐,False,A
씨봙,False,A
씨봟,False,A
씨봣넘,False,A
씨봪,False,A
씨뵐,False,A
씨불넘,False,A
씨불년,False,A
씨불놈,False,A
씨불뇬,False,A
씨붤,False,A
씨뷀,False,A
씨뷩,False,A
씨븅,False,A
씨브,False,A
씨브알,False,A
씨블넘,False,A
씨블년,False,A
씨븡,False,A
씨빨넘,False,A
씨빯,False,A
씨빳다,False,A
씨빵,False,A
씨뻘,False,A
씨뻥,False,A
씨뽤,False,A
씨뽥,False,A
씨앙넘,False,A
씨앙놈,False,A
씨앙눔,False,A
씨양넘,False,A
씨양념,False,A
씨양놈,False,A
씨양눔,False,A
씨이댕,False,A
씨이바,False,A
씨이밸,False,A
씨이빡,False,A
씨이이팔,False,A
씨입년,False,A
씨입뇬,False,A
씨잘,False,A
씨키,False,A
씨탱구리,False,A
씨ㅍㅏ,False,A
씨파늠,False,A
씨파알,False,A
씨파야,False,A
씨팍년,False,A
씨팍놈,False,A
씨팍늠,False,A
씨팍새꺄,False,A
씨팍새끼,False,A
씨팏,False,A
씨팔넘,False,A
씨팔년,False,A
씨팔놈,False,A
씨팔뇬,False,A
씨팔뇸,False,A
씨팔허접,False,A
씨팕,False,A
씨팗,False,A
씨팞,False,A
씨퍌,False,A
씨펄년,False,A
씨펄놈,False,A
씨펑,False,A
씨풍,False,A
씨필,False,A
씨ㅡ발,False,A
씨ㅣ발,False,A
씰알,False,A
씳박,False,A
씳발,False,A
씳알,False,A
씹가튼,False,A
씹갓길,False,A
씹개,False,A
씹넘,False,A
씹녀,False,A
씹년운영자,False,A
씹놈,False,A
씹뇬,False,A
씹뇸,False,A
씹딱구리,False,A
씹딱꾸리,False,A
씹딱꿍,False,A
씹때,False,A
씹때꺄,False,A
씹때끼,False,A
씹땡,False,A
씹떼,False,A
씹떼끼,False,A
씹발년,False,A
씹발놈,False,A
씹밸,False,A
씹보지년,False,A
씹블,False,A
씹빠,False,A
씹빠빠,False,A
씹빡,False,A
씹빨넘,False,A
씹빨놈,False,A
씹뽕,False,A
씹사꾸,False,A
씹새꺄,False,A
씹새끼,False,A
씹새리,False,A
씹새캬,False,A
씹새키,False,A
씹색기,False,A
씹색꺄,False,A
씹색끼,False,A
씹색히,False,A
씹샛길,False,A
씹생,False,A
씹생년,False,A
씹생알,False,A
씹세끼,False,A
씹셋나루,False,A
씹쇄,False,A
씹쉐리,False,A
씹쉐키,False,A
씹쉑,False,A
씹쉑히,False,A
씹스,False,A
씹시끼,False,A
씹쌍,False,A
씹쌔기,False,A
씹쌔꺄,False,A
씹쌔끼,False,A
씹쌔리,False,A
씹쌔키,False,A
씹쌕끼,False,A
씹쎄,False,A
씹쎄끼,False,A
씹쎄리,False,A
씹쎈찌,False,A
씹쐐,False,A
씹쒜,False,A
씹쓰,False,A
씹씨키,False,A
씹알넘,False,A
씹에,False,A
씹연,False,A
씹을넘,False,A
씹을놈,False,A
씹을뇬,False,A
씹자지년,False,A
씹주구리,False,A
씹지럴,False,A
씹찔,False,A
씹처,False,A
씹쳐,False,A
씹탱구리,False,A
씹탱꾸리,False,A
씹탱이,False,A
씹털,False,A
씹텡구리,False,A
씹퉁,False,A
씹팅,False,A
씹팔넘,False,A
씹팔년,False,A
씹팔놈,False,A
씹팔뇬,False,A
씹팔련,False,A
씹팔연,False,A
씹펄,False,A
씹풀,False,A
씹할넘,False,A
씹할년,False,A
씹할놈,False,A
씹할뇬,False,A
씹할연,False,A
씺,False,A
씻끼,False,A
씻벌,False,A
씻퐁,False,A
씾팔,False,A
앂년,False,A
아가리닥쳐,False,A
아씹,False,A
애널입4,False,A
엄마젓,False,A
에미젓,False,A
에미창,False,A
염별할년,False,A
염병할,False,A
염병할년,False,A
염병할뇬,False,A
염병할욘,False,A
엿먹구뒤져라,False,A
왕보지,False,A
왕부랄,False,A
왕좃,False,A
욘병,False,A
욘뵹,False,A
욘븅,False,A
욤뵹,False,A
육갑떠,False,A
육갑떨,False,A
육시랄,False,A
ㅈ1랄,False,A
ㅈI랄,False,A
ㅈL랄,False,A
ㅈㄲ,False,A
ㅈㄹ,False,A
ㅈㅏ★우,False,A
ㅈㅏ우ㅣ,False,A
ㅈㅏㅈㅣ,False,A
㉨ㅏ㉨ㅣ,False,A
ㅈㅏ지,False,A
ㅈㅓㄲㅏ,False,A
ㅈㅓㅃㅏ,False,A
ㅈㅕㄲㅏ,False,A
ㅈㅗㅈ,False,A
ㅈㅣㄹㅏ,False,A
ㅈㅣㄹㅓ,False,A
ㅈㅣ랄,False,A
ㅈㅣ럴,False,A
ㅈㅣ룰,False,A
자g,False,A
자ji,False,A
자x,False,A
자궁,False,A
자기핥아,False,A
자ㅇㅜㅣ,False,A
자아위,False,A
자아지,False,A
자아지털,False,A
자쥣,False,A
자지년,False,A
자지때,False,A
자지털,False,A
잠쥐,False,A
잠쥐털,False,A
잠지털,False,A
잡냔,False,A
잡놉,False,A
잡뇸,False,A
잡밥,False,A
잡시퀴,False,A
잡시키,False,A
잡탱년,False,A
잦이,False,A
잦털,False,A
재랄,False,A
쟈지,False,A
쟘쥐,False,A
저까라마이신,False,A
저까라마이씽,False,A
저까튼년,False,A
저빠지게,False,A
적까쥐,False,A
적까지,False,A
전만싀끼,False,A
젇놔,False,A
젇만,False,A
절나,False,A
절라,False,A
접밥,False,A
젓같은놈,False,A
젓니,False,A
젓더,False,A
젓떨,False,A
젓마,False,A
젓만,False,A
젓밮,False,A
젖나,False,A
젖나게,False,A
젖디,False,A
젖떨,False,A
젖마난,False,A
젖마니,False,A
젖만,False,A
젖밮,False,A
젖빠,False,A
젖치기,False,A
젖통,False,A
젗까,False,A
젗만,False,A
젗밥,False,A
젗밮,False,A
젗빱,False,A
젗빺,False,A
조깐다,False,A
조내,False,A
조낸,False,A
조刀ㅏ,False,A
조랄,False,A
조뢀,False,A
조빨,False,A
조빼,False,A
조뺑,False,A
조뻬,False,A
조뼁,False,A
조삐리,False,A
조오까,False,A
조오또,False,A
조오옷,False,A
조옥같네,False,A
조옷나,False,A
조옷밥,False,A
조ㅈ,False,A
조젱이,False,A
조짜,False,A
조ㅊ,False,A
조털,False,A
조토,False,A
족같은넘,False,A
족딸,False,A
족밥,False,A
족빠,False,A
족빼,False,A
족뺑,False,A
족뼁,False,A
족짜,False,A
졳,False,A
존ㄴㅏ,False,A
존내,False,A
존네,False,A
존년,False,A
존만,False,A
존망,False,A
졷가,False,A
졷까,False,A
졷나,False,A
졷내,False,A
졷네,False,A
졷놔,False,A
졷따,False,A
좁빱,False,A
좃,False,A
좃!,False,A
좃~,False,A
좃가,False,A
좃갔,False,A
좃깐,False,A
좃깔,False,A
좃깟,False,A
좃깠,False,A
좃꼴리,False,A
좃꼴린,False,A
좃나개,False,A
좃나게,False,A
좃나씹,False,A
좃마나,False,A
좃마난,False,A
좃마니,False,A
좃만,False,A
좃만나,False,A
좃만안그지,False,A
좃만한년,False,A
좃만한놈,False,A
좃맨,False,A
좃박사,False,A
좃발,False,A
좃밮,False,A
좃뱅,False,A
좃병신,False,A
좃빠,False,A
좃빤,False,A
좃빨,False,A
좃빼,False,A
좃뺑,False,A
좃뻬,False,A
좃뼁,False,A
좃뽄,False,A
좃삐,False,A
좃쌍,False,A
좃이나빨어,False,A
좃짜,False,A
좃탱,False,A
좃터는,False,A
좄ㄲㅏ,False,A
좄까,False,A
좆!,False,A
좆~,False,A
좆까,False,A
좆꺄튼년,False,A
좆꼴려,False,A
좆나,False,A
좆년,False,A
좆니,False,A
좆대,False,A
좆대가리,False,A
좆도,False,A
좆또,False,A
좆마난,False,A
좆마니,False,A
좆만,False,A
좆만한,False,A
좆만한년,False,A
좆만한놈,False,A
좆먹어,False,A
좆물,False,A
좆밥,False,A
좆병신,False,A
좆빠,False,A
좆빠라,False,A
좆빤,False,A
좆빨,False,A
좆빱,False,A
좆빺,False,A
좆빼,False,A
좆뺑,False,A
좆뻬,False,A
좆뼁,False,A
좆삐리,False,A
좆새끼,False,A
좆탱,False,A
좇!,False,A
좇_,False,A
좇~,False,A
좇가,False,A
좇까,False,A
좇나,False,A
좇대,False,A
좇대가리,False,A
좇도,False,A
좇또,False,A
좇만,False,A
좇밥,False,A
좇밮,False,A
좇빠,False,A
좇빨,False,A
좇빱,False,A
좇빺,False,A
좇삐리,False,A
좉까,False,A
좉나,False,A
좉빨,False,A
좋까,False,A
좋만한,False,A
죄랄,False,A
죤뇬,False,A
죤만년,False,A
죤만놈,False,A
죳,False,A
죳나,False,A
죳밥,False,A
죳삐리,False,A
죶,False,A
죶나,False,A
죶니,False,A
죶마난,False,A
죶빠,False,A
죷까,False,A
죹,False,A
주딩이,False,A
줒나,False,A
쥐랼,False,A
쥐롤,False,A
쥐미,False,A
쥐좆,False,A
쥘알,False,A
쥘얼,False,A
즈랄,False,A
즈럴,False,A
즤랅,False,A
즤랼,False,A
즤롤,False,A
즤뢀,False,A
즤미럴,False,A
지라알,False,A
지랄발광,False,A
지랄삽차기,False,A
지랄쌈치기,False,A
지랄육갑,False,A
지랗,False,A
지랠,False,A
지랼,False,A
지럴발광,False,A
지렐,False,A
지롤발광,False,A
지룔,False,A
지미랄,False,A
지미럴,False,A
지이라알,False,A
짭년,False,A
짭놈,False,A
짭뇬,False,A
쩤밥,False,A
쪼ㄲㅏ,False,A
쪼까튼,False,A
쪼ㅆ,False,A
쪼ㅈ,False,A
쫀ㄴㅏ,False,A
쫀나,False,A
쫍빱,False,A
쫏,False,A
쫓까,False,A
쯰랄,False,A
쯰롤,False,A
찌롤,False,A
칀넘아,False,A
캐년,False,A
캐뇬,False,A
캐새키,False,A
캐세끼,False,A
캐셋키,False,A
케뇬,False,A
케새,False,A
케새끼,False,A
케새킹,False,A
케세,False,A
케세끼,False,A
허벌년,False,A
허벌창,False,A
헐년,False,A
헐놈,False,A
호냥뇬,False,A
호로개자슥,False,A
호로개잡늠,False,A
호로년,False,A
호로뇬,False,A
호로새,False,A
호로새꺄,False,A
호로새끼,False,A
호로색,False,A
호로쉑,False,A
호로쌔꺄,False,A
호로오,False,A
호로자,False,A
호로잡,False,A
호롸,False,A
호루자슥,False,A
호모섹,False,A
호모쉐이,False,A
호모쌕,False,A
호모쎄끼,False,A
호모자식,False,A
호봉세씨,False,A
호봉쎄끼,False,A
호봉쒜리,False,A
홀오자식,False,A
화냥,False,A
화양년,False,A
확벌,False,A
확찌,False,A
확찢,False,A
후다년,False,A
후라덜,False,A
후라질,False,A
후라질넘,False,A
후라질년,False,A
후래자,False,A
후랴,False,A
후러덜,False,A
후레,False,A
후레년,False,A
후레발,False,A
후레자,False,A
후벼,False,A
후비파,False,A
후장입사,False,A
히로뽕,False,A
히밤,False,A
씌벌새기,False,A
씌벌련,False,A
노에미,False,A
느금창년,False,A
병씬,False,A
벌레년,False,A
벌레새기,False,A
우라질년,False,A
개새기,False,A
쓉새기,False,A
벌레놈,False,A
짱깨,False,A
짱꼴라,False,A
왜놈,False,A
칭챙총,False,A
코쟁이,False,A
니그로,False,A
쪽바리,False,A
